{
	"credit": "Made with Blockbench",
	"parent": "block/block",
	"textures": {
		"0": "extracraft:block/shaped_repeater_base_locked",
		"1": "extracraft:block/lock_light",
		"particle": "extracraft:block/shaped_repeater_base_locked"
	},
	"elements": [
		{
			"from": [0, 0, 0],
			"to": [16, 0, 16],
			"faces": {
				"up": {"uv": [0, 0, 16, 16], "texture": "#0"}
			}
		},
		{
			"from": [6, 0.025, 6],
			"to": [10, 0.025, 10],
			"faces": {
				"up": {"uv": [0, 0, 16, 16], "texture": "#1"}
			}
		}
	]
}