{
	"credit": "Made with Blockbench",
	"parent": "block/block",
	"textures": {
		"particle": "#top"
	},
	"elements": [
		{
			"from": [0, 14, 0],
			"to": [16, 16, 16],
			"faces": {
				"north": {"uv": [0, 0, 16, 2], "texture": "#top"},
				"east": {"uv": [0, 0, 16, 2], "texture": "#top"},
				"south": {"uv": [0, 0, 16, 2], "texture": "#top"},
				"west": {"uv": [0, 0, 16, 2], "texture": "#top"},
				"up": {"uv": [0, 0, 16, 16], "texture": "#top"},
				"down": {"uv": [0, 0, 16, 16], "texture": "#top"}
			}
		},
		{
			"from": [0, 0, 0],
			"to": [2, 14, 2],
			"faces": {
				"north": {"uv": [0, 2, 2, 16], "texture": "#top"},
				"east": {"uv": [0, 2, 2, 16], "texture": "#top"},
				"south": {"uv": [0, 2, 2, 16], "texture": "#top"},
				"west": {"uv": [0, 2, 2, 16], "texture": "#top"},
				"up": {"uv": [0, 0, 2, 2], "texture": "#top"},
				"down": {"uv": [0, 0, 2, 2], "texture": "#top"}
			}
		},
		{
			"from": [14, 0, 0],
			"to": [16, 14, 2],
			"faces": {
				"north": {"uv": [0, 2, 2, 16], "texture": "#top"},
				"east": {"uv": [0, 2, 2, 16], "texture": "#top"},
				"south": {"uv": [0, 2, 2, 16], "texture": "#top"},
				"west": {"uv": [0, 2, 2, 16], "texture": "#top"},
				"up": {"uv": [0, 0, 2, 2], "texture": "#top"},
				"down": {"uv": [0, 0, 2, 2], "texture": "#top"}
			}
		},
		{
			"from": [14, 0, 14],
			"to": [16, 14, 16],
			"faces": {
				"north": {"uv": [0, 2, 2, 16], "texture": "#top"},
				"east": {"uv": [0, 2, 2, 16], "texture": "#top"},
				"south": {"uv": [0, 2, 2, 16], "texture": "#top"},
				"west": {"uv": [0, 2, 2, 16], "texture": "#top"},
				"up": {"uv": [0, 0, 2, 2], "texture": "#top"},
				"down": {"uv": [0, 0, 2, 2], "texture": "#top"}
			}
		},
		{
			"from": [0, 0, 14],
			"to": [2, 14, 16],
			"faces": {
				"north": {"uv": [0, 2, 2, 16], "texture": "#top"},
				"east": {"uv": [0, 2, 2, 16], "texture": "#top"},
				"south": {"uv": [0, 2, 2, 16], "texture": "#top"},
				"west": {"uv": [0, 2, 2, 16], "texture": "#top"},
				"up": {"uv": [0, 0, 2, 2], "texture": "#top"},
				"down": {"uv": [0, 0, 2, 2], "texture": "#top"}
			}
		},
		{
			"from": [2, 2, 2],
			"to": [14, 14, 2],
			"faces": {
				"north": {"uv": [2, 2, 14, 14], "texture": "#side"},
				"south": {"uv": [2, 2, 14, 14], "texture": "#side"}
			}
		},
		{
			"from": [2, 2, 14],
			"to": [14, 14, 14],
			"faces": {
				"north": {"uv": [2, 2, 14, 14], "texture": "#side"},
				"south": {"uv": [2, 2, 14, 14], "texture": "#side"}
			}
		},
		{
			"from": [14, 2, 2],
			"to": [14, 14, 14],
			"faces": {
				"east": {"uv": [2, 2, 14, 14], "texture": "#side"},
				"west": {"uv": [2, 2, 14, 14], "texture": "#side"}
			}
		},
		{
			"from": [2, 2, 2],
			"to": [2, 14, 14],
			"faces": {
				"east": {"uv": [2, 2, 14, 14], "texture": "#side"},
				"west": {"uv": [2, 2, 14, 14], "texture": "#side"}
			}
		}
	]
}