{
	"multipart": [
 		{"when": { "OR": [
        		{"powered":"true","locked":"true"},
		{"powered":"false","locked":"true"}
        		]},
		"apply":{"model": "extracraft:block/shaped_repeater_base_locked"}
		},
 		{"when": { "OR": [
		{"powered":"true","locked":"false"},
		{"powered":"false","locked":"false"}
        		]},
		"apply":{"model": "extracraft:block/shaped_repeater_base"}
		},

		{"when":{"facing":"north","powered":"true"},
		"apply":{"model": "extracraft:block/tshaped_wire_on_overlay","y":180}
		},
		{"when":{"facing":"west","powered":"true"},
		"apply":{"model": "extracraft:block/tshaped_wire_on_overlay","y":90}
		},
		{"when":{"facing":"south","powered":"true"},
		"apply":{"model": "extracraft:block/tshaped_wire_on_overlay"}
		},
		{"when":{"facing":"east","powered":"true"},
		"apply":{"model": "extracraft:block/tshaped_wire_on_overlay","y":270}
		},

		{"when":{"facing":"north","powered":"false","locked":"false"},
		"apply":{"model": "extracraft:block/tshaped_wire_off_overlay","y":180}
		},
		{"when":{"facing":"west","powered":"false","locked":"false"},
		"apply":{"model": "extracraft:block/tshaped_wire_off_overlay","y":90}
		},
		{"when":{"facing":"south","powered":"false","locked":"false"},
		"apply":{"model": "extracraft:block/tshaped_wire_off_overlay"}
		},
		{"when":{"facing":"east","powered":"false","locked":"false"},
		"apply":{"model": "extracraft:block/tshaped_wire_off_overlay","y":270}
		},


		{"when":{"providing_power_south":"true","locked":"true"},
		"apply":{"model": "extracraft:block/arraw_in_off_overlay"}
		},
		{"when":{"providing_power_east":"true","locked":"true"},
		"apply":{"model": "extracraft:block/arraw_in_off_overlay","y":270}
		},
		{"when":{"providing_power_north":"true","locked":"true"},
		"apply":{"model": "extracraft:block/arraw_in_off_overlay","y":180}
		},
		{"when":{"providing_power_west":"true","locked":"true"},
		"apply":{"model": "extracraft:block/arraw_in_off_overlay","y":90}
		}

  ]
}